año	código	créditos
2007	002	0
2007	009	0
2007	019	0
2007	142	0
2007	150	0
2008	002	0
2008	009	0
2008	019	10863
2008	142	0
2008	150	0
2009	002	0
2009	009	0
2009	019	4343671
2009	142	0
2009	150	0
2010	002	10200000
2010	009	0
2010	019	9150
2010	142	0
2010	150	0
2011	002	0
2011	009	0
2011	019	0
2011	142	0
2011	150	0
2012	002	487320.39
2012	009	0
2012	019	0
2012	142	0
2012	150	0
